Chamber,Carbon,Mutualist,Shoot_biomass_g,Root_biomass_g,AMF_colonization_percent,nod_number
1,400,control,0.32,0.089,10,0
1,400,control,0.325,0.07,9,0
1,400,control,0.35,0.115,11,0
1,400,control,0.3487,0.09,8,0
1,400,control,0.384,0.11,9,0
1,400,control,0.325,0.099,8,0
1,400,control,0.295,0.09,8,1
1,400,control,0.4,0.1,10,0
1,400,control,0.345,0.0879,8,0
1,400,control,0.3425,0.0049,8,0
1,400,control,0.39,0.089,14,0
1,400,control,0.4012,0.072,12,0
2,400,control,0.337,0.005,10,0
2,400,control,0.358,0.104,11,0
2,400,control,0.351,0.19,8,1
2,400,control,0.374,0.0897,8,0
2,400,control,0.305,0.166,8,0
2,400,control,0.45,0.0768,10,0
2,400,control,0.45,0.00779,9,0
2,400,control,0.31,0.089,10,0
2,400,control,0.3895,0.055,12,0
2,400,control,0.3333,0.08,8,0
2,400,control,0.326,0.088,9,0
2,400,control,0.314,0.0625,9,0
3,400,control,0.288,0.095,10,0
3,400,control,0.397,0.078,9,0
3,400,control,0.323,0.073,8,0
3,400,control,0.311,0.15,8,0
3,400,control,0.3635,0.119,9,0
3,400,control,0.399,0.09,10,0
3,400,control,0.325,0.055,8,0
3,400,control,0.375,0.09,7,1
3,400,control,0.341,0.0861,8,0
3,400,control,0.327,0.0877,10,0
3,400,control,0.366,0.19,8,0
3,400,control,0.3562,0.099,10,0
1,400,Rh,0.67,0.091,18,4
1,400,Rh,0.299,0.5,22,4
1,400,Rh,0.476,0.105,24,3
1,400,Rh,0.855,0.104,25,4
1,400,Rh,0.47,0.46,20,5
1,400,Rh,0.492,0.5,21,4
1,400,Rh,0.77,0.1,22,3
1,400,Rh,0.652,0.11,22,4
1,400,Rh,0.66,0.1,26,4
1,400,Rh,0.274,0.077,22,3
1,400,Rh,0.33,0.14,20,4
1,400,Rh,0.489,0.087,22,2
2,400,Rh,0.438,0.12,18,5
2,400,Rh,0.442,0.11,22,3
2,400,Rh,0.55,0.1,22,3
2,400,Rh,0.402,0.09,22,4
2,400,Rh,0.4,0.09,20,4
2,400,Rh,0.397,0.086,22,2
2,400,Rh,0.451,0.08,21,4
2,400,Rh,0.455,0.14,15,4
2,400,Rh,0.5,0.087,25,5
2,400,Rh,0.378,0.088,28,4
2,400,Rh,0.554,0.067,22,2
2,400,Rh,0.346,0.094,21,4
3,400,Rh,0.331,0.11,22,5
3,400,Rh,0.49,0.105,20,4
3,400,Rh,0.5,0.125,28,4
3,400,Rh,0.355,0.1,18,5
3,400,Rh,0.397,0.07,15,6
3,400,Rh,0.436,0.095,14,3
3,400,Rh,0.487,0.099,20,5
3,400,Rh,0.491,0.098,28,4
3,400,Rh,0.49,0.143,25,2
3,400,Rh,0.475,0.13,22,4
3,400,Rh,0.47,0.1,25,4
3,400,Rh,0.478,0.088,24,3
1,400,A,0.511,0.44,40,0
1,400,A,0.5,0.2,38,0
1,400,A,0.65,0.41,42,0
1,400,A,0.56,0.18,45,0
1,400,A,0.42,0.22,38,0
1,400,A,0.49,0.27,41,0
1,400,A,0.5,0.278,42,0
1,400,A,0.52,0.3,40,0
1,400,A,0.488,0.187,38,0
1,400,A,0.47,0.266,38,0
1,400,A,0.54,0.25,38,0
1,400,A,0.5,0.245,38,0
2,400,A,0.5,0.5,38,0
2,400,A,0.49,0.287,40,0
2,400,A,0.512,0.3147,42,0
2,400,A,0.455,0.28,42,0
2,400,A,0.5,0.26,40,0
2,400,A,0.511,0.2,42,0
2,400,A,0.51,0.25,43,0
2,400,A,0.5,0.455,39,0
2,400,A,0.5,0.255,39,0
2,400,A,0.61,0.202,42,0
2,400,A,0.6,0.27,38,0
2,400,A,0.66,0.285,36,0
3,400,A,0.5,0.2145,39,0
3,400,A,0.52,0.22,38,0
3,400,A,0.57,0.2,36,0
3,400,A,0.5,0.18,40,0
3,400,A,0.55,0.24,42,0
3,400,A,0.5,0.195,43,0
3,400,A,0.51,0.224,49,0
3,400,A,0.52,0.265,45,0
3,400,A,0.54,0.258,40,0
3,400,A,0.5,0.2,45,0
3,400,A,0.47,0.265,44,0
3,400,A,0.5,0.26,40,0
1,400,RhA,1,0.32,50,4
1,400,RhA,0.75,0.324,44,5
1,400,RhA,0.9,0.35,49,4
1,400,RhA,0.91,0.365,42,4
1,400,RhA,1.12,0.39,45,5
1,400,RhA,1,0.432,48,1
1,400,RhA,0.775,0.5,42,3
1,400,RhA,0.84,0.37,51,6
1,400,RhA,0.72,0.31,48,5
1,400,RhA,1.1,0.35,47,5
1,400,RhA,0.745,0.327,48,3
1,400,RhA,0.755,0.401,46,2
2,400,RhA,1,0.341,48,5
2,400,RhA,0.82,0.352,46,2
2,400,RhA,0.79,0.4,45,4
2,400,RhA,0.86,0.355,52,5
2,400,RhA,0.88,0.345,50,3
2,400,RhA,0.765,0.33,47,2
2,400,RhA,1.052,0.388,44,3
2,400,RhA,0.698,0.354,54,2
2,400,RhA,0.99,0.41,46,2
2,400,RhA,1.02,0.347,54,5
2,400,RhA,0.7,0.368,50,1
2,400,RhA,0.77,0.3125,48,4
3,400,RhA,0.889,0.37,42,5
3,400,RhA,0.589,0.344,55,3
3,400,RhA,0.79,0.33,45,4
3,400,RhA,0.78,0.312,40,5
3,400,RhA,0.877,0.356,56,4
3,400,RhA,0.84,0.388,55,5
3,400,RhA,0.81,0.322,46,5
3,400,RhA,0.78,0.335,48,6
3,400,RhA,0.55,0.367,49,5
3,400,RhA,0.94,0.412,45,4
3,400,RhA,0.74,0.345,50,3
3,400,RhA,0.82,0.35,48,5
4,600,control,0.33,0.14,18,0
4,600,control,0.36,0.085,15,0
4,600,control,0.56,0.075,8,0
4,600,control,0.554,0.044,7,0
4,600,control,0.489,0.096,7,0
4,600,control,0.366,0.095,12,0
4,600,control,0.371,0.07,10,0
4,600,control,0.37,0.099,11,0
4,600,control,0.34,0.09,18,0
4,600,control,0.368,0.085,15,0
4,600,control,0.69,0.07,16,0
4,600,control,0.356,0.04,10,0
5,600,control,0.372,0.059,8,0
5,600,control,0.375,0.18,10,0
5,600,control,0.41,0.15,7,0
5,600,control,0.362,0.059,7,0
5,600,control,0.351,0.067,12,0
5,600,control,0.355,0.094,14,0
5,600,control,0.333,0.0966,15,0
5,600,control,0.35,0.17,16,0
5,600,control,0.321,0.078,7,0
5,600,control,0.302,0.0856,11,0
5,600,control,0.3145,0.0844,11,0
5,600,control,0.338,0.089,10,0
6,600,control,0.354,0.096,12,0
6,600,control,0.344,0.097,11,0
6,600,control,0.3,0.088,10,0
6,600,control,0.298,0.099,19,0
6,600,control,0.352,0.188,16,0
6,600,control,0.334,0.12,18,0
6,600,control,0.347,0.05,17,0
6,600,control,0.377,0.08,8,0
6,600,control,0.31,0.045,8,0
6,600,control,0.29,0.05,10,0
6,600,control,0.32,0.05,11,0
6,600,control,0.38,0.095,15,0
4,600,Rh,0.65,0.44,20,6
4,600,Rh,0.52,0.34,29,4
4,600,Rh,0.49,0.2,24,3
4,600,Rh,0.555,0.19,20,3
4,600,Rh,0.61,0.189,18,4
4,600,Rh,0.62,0.25,15,5
4,600,Rh,0.477,0.21,22,6
4,600,Rh,0.5,0.204,20,2
4,600,Rh,0.5,0.1895,21,4
4,600,Rh,0.56,0.22,25,4
4,600,Rh,0.55,0.235,26,2
4,600,Rh,0.57,0.186,27,4
5,600,Rh,0.538,0.201,24,7
5,600,Rh,0.59,0.22,34,5
5,600,Rh,0.62,0.205,24,4
5,600,Rh,0.456,0.195,24,6
5,600,Rh,0.44,0.19,20,2
5,600,Rh,0.61,0.2,24,4
5,600,Rh,0.52,0.212,24,5
5,600,Rh,0.48,0.2,32,3
5,600,Rh,0.47,0.189,19,4
5,600,Rh,0.5,0.8,17,2
5,600,Rh,0.508,0.24,22,4
5,600,Rh,0.52,0.19,24,4
6,600,Rh,0.507,0.22,23,7
6,600,Rh,0.48,0.16,29,4
6,600,Rh,0.49,0.18,35,4
6,600,Rh,0.51,0.164,32,4
6,600,Rh,0.48,0.215,27,4
6,600,Rh,0.485,0.195,22,2
6,600,Rh,0.52,0.25,20,4
6,600,Rh,0.524,0.205,18,3
6,600,Rh,0.5,0.2,21,4
6,600,Rh,0.496,0.156,20,5
6,600,Rh,0.58,0.198,14,4
6,600,Rh,0.62,0.177,16,4
4,600,A,0.66,0.43,50,0
4,600,A,0.598,0.285,60,0
4,600,A,0.597,0.345,48,0
4,600,A,0.578,0.32,50,0
4,600,A,0.62,0.311,52,0
4,600,A,0.65,0.35,54,0
4,600,A,0.625,0.49,47,0
4,600,A,0.67,0.398,49,0
4,600,A,0.622,0.47,55,0
4,600,A,0.587,0.375,52,0
4,600,A,0.59,0.369,55,0
4,600,A,0.625,0.3,49,0
5,600,A,0.597,0.28,57,0
5,600,A,0.61,0.31,58,0
5,600,A,0.625,0.335,58,0
5,600,A,0.634,0.328,49,0
5,600,A,0.59,0.366,45,0
5,600,A,0.617,0.347,58,0
5,600,A,0.623,0.28,52,0
5,600,A,0.655,0.296,53,0
5,600,A,0.621,0.32,56,0
5,600,A,0.68,0.345,58,0
5,600,A,0.596,0.294,49,0
5,600,A,0.59,0.312,45,0
6,600,A,0.68,0.318,60,0
6,600,A,0.62,0.328,57,0
6,600,A,0.625,0.317,56,0
6,600,A,0.556,0.289,46,0
6,600,A,0.587,0.37,48,0
6,600,A,0.612,0.314,50,0
6,600,A,0.624,0.328,52,0
6,600,A,0.59,0.3,54,0
6,600,A,0.589,0.323,54,0
6,600,A,0.577,0.294,46,0
6,600,A,0.62,0.34,50,0
6,600,A,0.625,0.33,55,0
4,600,RhA,0.9,0.45,55,9
4,600,RhA,0.99,0.42,52,7
4,600,RhA,0.965,0.49,58,5
4,600,RhA,0.87,0.3,62,3
4,600,RhA,0.95,0.349,49,5
4,600,RhA,0.9,0.345,53,5
4,600,RhA,1.12,0.87,55,7
4,600,RhA,0.958,0.288,58,4
4,600,RhA,0.877,0.321,52,5
4,600,RhA,0.856,0.39,50,4
4,600,RhA,0.97,0.45,55,6
4,600,RhA,0.98,0.42,61,5
5,600,RhA,0.99,0.397,59,4
5,600,RhA,0.95,0.38,60,5
5,600,RhA,0.79,0.41,60,3
5,600,RhA,0.7,0.388,62,6
5,600,RhA,0.99,0.375,65,3
5,600,RhA,1,0.45,60,5
5,600,RhA,0.945,0.44,55,4
5,600,RhA,0.94,0.422,58,5
5,600,RhA,1.25,0.356,56,3
5,600,RhA,0.87,0.38,55,5
5,600,RhA,0.89,0.39,49,3
5,600,RhA,0.94,0.32,52,7
6,600,RhA,1.1,0.378,55,5
6,600,RhA,0.99,0.377,50,6
6,600,RhA,0.97,0.365,49,4
6,600,RhA,1.11,0.364,55,5
6,600,RhA,0.956,0.32,54,3
6,600,RhA,0.97,0.31,52,5
6,600,RhA,1.15,0.391,50,8
6,600,RhA,0.844,0.359,59,5
6,600,RhA,0.8,0.388,56,8
6,600,RhA,0.958,0.35,54,5
6,600,RhA,0.945,0.39,50,6
6,600,RhA,0.94,0.38,58,5
7,1000,control,0.4,0.072,15,0
7,1000,control,0.39,0.09,10,0
7,1000,control,0.35,0.215,16,0
7,1000,control,0.38,0.089,9,0
7,1000,control,0.296,0.21,12,0
7,1000,control,0.312,0.089,13,0
7,1000,control,0.31,0.099,15,0
7,1000,control,0.354,0.11,19,0
7,1000,control,0.345,0.078,11,0
7,1000,control,0.355,0.0055,8,0
7,1000,control,0.347,0.08,7,0
7,1000,control,0.31,0.099,9,0
8,1000,control,0.378,0.007,10,0
8,1000,control,0.388,0.12,13,0
8,1000,control,0.39,0.008,15,0
8,1000,control,0.42,0.0897,9,0
8,1000,control,0.43,0.156,8,0
8,1000,control,0.345,0.066,8,0
8,1000,control,0.34,0.09,12,0
8,1000,control,0.35,0.09,11,0
8,1000,control,0.3,0.12,16,0
8,1000,control,0.32,0.09,15,0
8,1000,control,0.333,0.078,15,0
8,1000,control,0.352,0.06,12,0
9,1000,control,0.33,0.099,20,0
9,1000,control,0.35,0.078,8,0
9,1000,control,0.355,0.089,7,0
9,1000,control,0.347,0.15,10,0
9,1000,control,0.38,0.088,11,0
9,1000,control,0.345,0.09,9,0
9,1000,control,0.35,0.09,15,0
9,1000,control,0.32,0.055,8,0
9,1000,control,0.38,0.0861,9,0
9,1000,control,0.35,0.0877,9,0
9,1000,control,0.36,0.21,10,0
9,1000,control,0.37,0.095,10,0
7,1000,Rh,0.621,0.28,25,4
7,1000,Rh,0.5,0.2,22,6
7,1000,Rh,0.55,0.21,20,4
7,1000,Rh,0.496,0.189,18,2
7,1000,Rh,0.65,0.2283,17,3
7,1000,Rh,0.52,0.258,28,4
7,1000,Rh,0.547,0.2,31,2
7,1000,Rh,0.521,0.2,25,4
7,1000,Rh,0.52,0.24,24,2
7,1000,Rh,0.5,0.177,26,4
7,1000,Rh,0.55,0.159,30,5
7,1000,Rh,0.5,0.212,31,4
8,1000,Rh,0.499,0.188,26,4
8,1000,Rh,0.48,0.19,30,7
8,1000,Rh,0.52,0.178,20,4
8,1000,Rh,0.511,0.22,19,3
8,1000,Rh,0.521,0.23,24,3
8,1000,Rh,0.5,0.22,25,4
8,1000,Rh,0.48,0.2,28,5
8,1000,Rh,0.488,0.178,24,3
8,1000,Rh,0.479,0.188,21,4
8,1000,Rh,0.5,0.23,18,3
8,1000,Rh,0.51,0.27,28,6
8,1000,Rh,0.511,0.24,24,7
9,1000,Rh,0.512,0.246,25,4
9,1000,Rh,0.52,0.17,22,2
9,1000,Rh,0.55,0.21,19,4
9,1000,Rh,0.578,0.2,20,7
9,1000,Rh,0.59,0.19,22,4
9,1000,Rh,0.61,0.18,23,2
9,1000,Rh,0.65,0.22,27,5
9,1000,Rh,0.45,0.22,29,4
9,1000,Rh,0.468,0.2283,32,5
9,1000,Rh,0.6,0.21,19,4
9,1000,Rh,0.5,0.211,20,4
9,1000,Rh,0.52,0.197,22,4
7,1000,A,0.555,0.55,50,0
7,1000,A,0.89,0.45,55,0
7,1000,A,0.88,0.41,48,0
7,1000,A,0.77,0.36,53,0
7,1000,A,0.7,0.325,56,0
7,1000,A,0.68,0.33,49,0
7,1000,A,0.69,0.38,52,0
7,1000,A,0.6,0.47,52,0
7,1000,A,0.78,0.36,55,0
7,1000,A,0.88,0.3,58,0
7,1000,A,0.85,0.3178,50,0
7,1000,A,0.86,0.329,47,0
8,1000,A,0.58,0.368,52,0
8,1000,A,0.55,0.357,52,0
8,1000,A,0.895,0.368,55,0
8,1000,A,0.965,0.39,58,0
8,1000,A,0.671,0.355,55,0
8,1000,A,0.611,0.29,58,0
8,1000,A,0.624,0.3,56,0
8,1000,A,0.75,0.29,56,0
8,1000,A,0.6,0.311,55,0
8,1000,A,0.62,0.387,58,0
8,1000,A,0.611,0.333,55,0
8,1000,A,0.65,0.31,58,0
9,1000,A,0.71,0.3,58,0
9,1000,A,0.77,0.3,52,0
9,1000,A,0.7,0.36,56,0
9,1000,A,0.7,0.355,56,0
9,1000,A,0.72,0.34,58,0
9,1000,A,0.545,0.348,59,0
9,1000,A,0.598,0.367,57,0
9,1000,A,0.62,0.289,56,0
9,1000,A,0.63,0.29,54,0
9,1000,A,0.655,0.3,58,0
9,1000,A,0.73,0.364,55,0
9,1000,A,0.75,0.35,55,0
7,1000,RhA,1.5,0.49,62,5
7,1000,RhA,1.22,0.55,60,7
7,1000,RhA,1.657,0.3,53,5
7,1000,RhA,1.6,0.34,55,4
7,1000,RhA,1.44,0.312,50,5
7,1000,RhA,1.36,0.305,64,3
7,1000,RhA,1.12,0.298,62,6
7,1000,RhA,0.96,0.297,57,5
7,1000,RhA,0.99,0.3,57,3
7,1000,RhA,1.24,0.39,55,5
7,1000,RhA,1.36,0.42,56,6
7,1000,RhA,1.48,0.385,58,5
8,1000,RhA,1.1,0.45,55,3
8,1000,RhA,0.99,0.411,65,6
8,1000,RhA,0.895,0.417,55,5
8,1000,RhA,0.895,0.388,50,8
8,1000,RhA,0.964,0.389,58,6
8,1000,RhA,1.38,0.395,54,5
8,1000,RhA,1.15,0.4,51,8
8,1000,RhA,1.26,0.418,52,4
8,1000,RhA,1.35,0.4,60,5
8,1000,RhA,1.25,0.385,62,3
8,1000,RhA,1.26,0.369,57,5
8,1000,RhA,1.48,0.48,58,5
9,1000,RhA,1.17,0.405,55,6
9,1000,RhA,1.25,0.387,57,5
9,1000,RhA,1.22,0.385,58,3
9,1000,RhA,1.258,0.386,56,5
9,1000,RhA,1.265,0.3,53,7
9,1000,RhA,1.236,0.29,55,5
9,1000,RhA,0.87,0.4,57,4
9,1000,RhA,1,0.39,58,6
9,1000,RhA,1.1,0.397,52,4
9,1000,RhA,1.2,0.295,54,5
9,1000,RhA,1.26,0.345,55,6
9,1000,RhA,1.28,0.44,57,6
